"","state","1/22/20","1/23/20","1/24/20","1/25/20","1/26/20","1/27/20","1/28/20","1/29/20","1/30/20","1/31/20","2/1/20","2/2/20","2/3/20","2/4/20","2/5/20","2/6/20","2/7/20","2/8/20","2/9/20","2/10/20","2/11/20","2/12/20","2/13/20","2/14/20","2/15/20","2/16/20","2/17/20","2/18/20","2/19/20","2/20/20","2/21/20","2/22/20","2/23/20","2/24/20","2/25/20","2/26/20","2/27/20","2/28/20","2/29/20","3/1/20","3/2/20","3/3/20","3/4/20","3/5/20","3/6/20","3/7/20","3/8/20","3/9/20","3/10/20","3/11/20","3/12/20","3/13/20","3/14/20","3/15/20","3/16/20","3/17/20","3/18/20","3/19/20","3/20/20","3/21/20","3/22/20","3/23/20","3/24/20","3/25/20","3/26/20","3/27/20","3/28/20","3/29/20","3/30/20","3/31/20","4/1/20","4/2/20","4/3/20","4/4/20","4/5/20","4/6/20","4/7/20","4/8/20","4/9/20","4/10/20","4/11/20","4/12/20","4/13/20","4/14/20","4/15/20","4/16/20","4/17/20","4/18/20","4/19/20","4/20/20","4/21/20","4/22/20","4/23/20","4/24/20","4/25/20","4/26/20","4/27/20","4/28/20","4/29/20","4/30/20","5/1/20","5/2/20","5/3/20","5/4/20","5/5/20","5/6/20","5/7/20","5/8/20","5/9/20","5/10/20","5/11/20","5/12/20","5/13/20","5/14/20","5/15/20","5/16/20","5/17/20","5/18/20","5/19/20","5/20/20","5/21/20","5/22/20","5/23/20","5/24/20","5/25/20","5/26/20","5/27/20","5/28/20","5/29/20","5/30/20","5/31/20","6/1/20","6/2/20","6/3/20","6/4/20","6/5/20","6/6/20","6/7/20","6/8/20","6/9/20","6/10/20","6/11/20","6/12/20","6/13/20","6/14/20","6/15/20","6/16/20","6/17/20","6/18/20","6/19/20","6/20/20","6/21/20","6/22/20","6/23/20","6/24/20","6/25/20","6/26/20","6/27/20","6/28/20","6/29/20","6/30/20","7/1/20","7/2/20","7/3/20","7/4/20","7/5/20","7/6/20","7/7/20","7/8/20","7/9/20","7/10/20","7/11/20","7/12/20"
"1","AK","0","0","0","0","0","0","0","0","0","0","0","0","0","0","0","0","0","0","0","0","0","0","0","0","0","0","0","0","0","0","0","0","0","0","0","0","0","0","0","0","0","0","0","0","0","0","0","0","0","0","1","0","0","0","2","3","0","3","0","0","14","13","6","17","10","16","17","12","5","14","9","4","11","14","14","6","22","12","10","11","11","15","5","8","8","7","9","5","5","2","8","6","2","2","0","2","4","6","4","0","9","1","3","2","1","1","2","3","1","1","2","2","0","4","0","0","9","3","0","2","0","2","4","0","1","2","1","13","5","4","26","7","20","18","8","11","12","8","19","10","20","17","15","27","9","3","12","20","12","13","21","11","6","0","0","25","42","0","41","24","32","35","0","77","44","27","28","15","38","43","50","59","79"
"2","AL","0","0","0","0","0","0","0","0","0","0","0","0","0","0","0","0","0","0","0","0","0","0","0","0","0","0","0","0","0","0","0","0","0","0","0","0","0","0","0","0","0","0","0","0","0","0","0","0","0","0","0","5","6","11","7","10","12","27","28","25","36","29","46","144","145","108","78","108","116","56","109","164","264","98","208","163","194","300","341","169","255","319","220","150","286","163","115","204","178","177","243","281","227","201","187","204","120","207","172","147","231","317","274","225","326","255","355","338","284","221","275","304","231","395","293","284","97","310","296","675","361","260","482","355","687","454","381","524","478","327","491","397","181","126","213","307","636","457","424","481","555","848","859","887","1015","1037","640","400","894","796","547","472","432","644","967","1142","974","897","353","1744","871","917","1149","1753","998","1089","923","910","1178","2211","1335","1439","1640"
"3","AR","0","0","0","0","0","0","0","0","0","0","0","0","0","0","0","0","0","0","0","0","0","0","0","0","0","0","0","0","0","0","0","0","0","0","0","0","0","0","0","0","0","0","0","0","0","0","0","0","0","1","2","0","3","1","9","0","3","28","18","32","61","26","36","73","32","48","21","41","62","56","59","56","52","8","111","74","67","82","69","54","22","42","180","21","93","28","76","83","3","193","239","113","193","154","80","77","79","41","132","67","43","36","63","55","61","103","77","52","0","289","27","117","71","135","93","122","181","56","110","77","436","161","158","146","99","134","93","242","245","231","250","189","359","201","377","217","430","323","276","346","306","424","734","527","386","414","221","421","277","601","484","413","508","496","647","481","918","534","527","419","533","438","846","497","481","587","379","313","706","813","721","973","487"
"4","AZ","0","0","0","0","1","0","0","0","0","0","0","0","0","0","0","0","0","0","0","0","0","0","0","0","0","0","0","0","0","0","0","0","0","0","0","0","0","0","0","0","0","0","0","0","1","2","0","2","0","4","0","0","2","0","6","2","7","17","18","40","48","82","94","75","107","155","110","146","235","135","125","182","173","249","251","187","119","151","292","93","282","146","162","97","164","272","273","211","210","136","187","208","309","275","237","246","190","232","254","446","313","403","276","279","385","402","238","582","434","158","261","356","440","498","495","463","306","233","396","331","418","292","432","300","221","222","479","502","702","790","864","4","1126","971","533","1578","1120","1438","788","619","1556","1411","1655","1540","1233","1014","2392","1827","2519","3245","3110","2592","2196","3767","1620","3057","3428","3591","3858","625","4672","4888","3332","4433","2696","3531","3357","3653","3520","4057","4221","3038","2537"
"5","CA","0","0","0","0","2","1","0","1","0","0","0","0","2","0","0","0","0","0","0","0","1","0","1","0","0","0","0","1","0","0","3","0","0","1","0","2","1","2","4","0","8","4","14","14","17","40","12","63","27","41","26","118","98","117","119","183","184","211","279","207","301","482","403","528","850","858","832","649","936","1172","1357","1225","1358","1300","1301","1189","1161","1485","1145","1230","996","871","1004","1422","1238","1029","1294","1409","762","2278","1945","1874","1868","1761","1248","1108","1499","1242","2381","1527","1931","1443","1251","1244","2561","1949","1672","2194","2232","1196","1422","1621","2055","1827","2039","1836","1380","1737","1958","2222","2232","2454","1886","1785","2224","3178","2026","2137","2637","3485","2567","2504","2314","2325","3149","3318","2652","2383","2536","2979","2873","3502","3761","3315","2655","2718","3358","4280","3765","3587","3746","3268","6666","6242","4842","5000","5528","3987","4551","7546","8306","6649","10241","3313","1632","4074","16809","10433","7840","8966","10938","7102","6088"
"6","CO","0","0","0","0","0","0","0","0","0","0","0","0","0","0","0","0","0","0","0","0","0","0","0","0","0","0","0","0","0","0","0","0","0","0","0","0","0","0","0","0","0","0","0","0","3","4","0","7","4","6","25","25","23","30","0","52","0","85","77","133","116","125","178","175","259","269","298","226","344","372","366","378","435","339","338","204","281","240","448","310","285","278","244","187","213","1197","390","377","263","365","361","441","372","995","684","430","435","447","459","505","462","433","384","282","511","491","552","469","505","283","247","329","331","377","404","384","297","274","292","319","358","304","437","204","203","294","224","354","491","486","280","199","208","273","301","256","231","153","179","164","152","148","176","196","112","169","133","241","229","286","162","188","167","188","262","325","317","227","281","206","203","313","326","258","254","199","192","408","452","408","665","402","322"
"7","CT","0","0","0","0","0","0","0","0","0","0","0","0","0","0","0","0","0","0","0","0","0","0","0","0","0","0","0","0","0","0","0","0","0","0","0","0","0","0","0","0","0","0","0","0","0","0","0","1","1","1","2","3","12","6","15","27","28","62","35","30","104","88","203","257","137","279","233","469","402","656","321","278","1047","338","418","1189","847","926","977","739","923","480","1356","566","760","1134","964","711","408","1868","556","2062","659","836","647","686","766","308","439","978","1155","582","0","635","643","437","808","611","629","516","238","578","535","624","618","599","763","674","329","602","195","443","355","448","394","328","83","281","195","257","174","531","229","116","154","218","347","137","121","71","152","125","231","296","89","72","80","66","83","199","155","40","33","123","16","83","73","147","97","106","152","54","72","69","0","0","244","57","75","102","75","0","0"
"8","DC","0","0","0","0","0","0","0","0","0","0","0","0","0","0","0","0","0","0","0","0","0","0","0","0","0","0","0","0","0","0","0","0","0","0","0","0","0","0","0","0","0","0","0","0","0","0","2","2","0","6","0","0","6","1","5","9","8","32","6","21","18","21","46","48","36","37","38","59","94","91","0","67","104","145","96","99","114","229","83","137","118","97","0","183","139","153","126","190","127","134","171","108","155","167","171","142","51","102","112","217","335","139","219","154","152","139","193","245","203","170","117","96","99","152","135","171","81","147","164","117","237","105","73","144","115","109","72","86","46","179","84","56","29","130","104","79","70","63","57","85","63","52","65","55","58","32","19","29","56","49","32","36","38","36","34","31","26","31","32","44","35","38","25","45","12","35","33","54","73","101","58","0","46"
"9","DE","0","0","0","0","0","0","0","0","0","0","0","0","0","0","0","0","0","0","0","0","0","0","0","0","0","0","0","0","0","0","0","0","0","0","0","0","0","0","0","0","0","0","0","0","0","0","0","0","0","0","4","0","2","1","1","9","9","4","9","6","11","31","17","15","0","46","49","18","32","55","49","25","57","143","80","110","145","188","93","108","149","159","133","157","82","56","242","213","0","206","187","271","133","133","135","452","126","392","86","80","185","122","169","79","82","396","167","174","167","156","119","180","211","262","152","171","117","200","169","159","194","136","161","115","158","98","34","76","67","185","77","103","82","27","34","31","109","94","34","47","34","0","115","57","36","76","61","43","55","109","68","93","48","27","37","73","54","71","131","144","97","31","210","176","193","0","155","114","45","68","119","89","63"
"10","FL","0","0","0","0","0","0","0","0","0","0","0","0","0","0","0","0","0","0","0","0","0","0","0","0","0","0","0","0","0","0","0","0","0","0","0","0","0","0","0","0","1","0","0","1","0","4","3","5","11","6","10","23","32","4","38","73","117","101","220","112","243","223","185","563","483","740","840","909","755","1037","817","1443","1259","1276","812","1278","1121","951","1128","1142","1015","875","1161","605","893","822","1407","744","821","744","811","712","1071","886","302","692","608","705","345","498","1034","734","615","814","532","558","825","368","786","594","386","898","485","821","923","675","775","851","504","529","1199","774","680","738","879","509","379","651","1214","924","740","667","616","1313","1419","1300","1269","1176","971","1097","1369","1699","1897","2577","2017","1764","2783","2600","3205","3819","4045","3472","2935","3272","5525","5003","8932","9537","8573","5271","6077","6553","10104","9468","11449","10034","6332","7346","9969","8924","11424","10352","15282"
"11","GA","0","0","0","0","0","0","0","0","0","0","0","0","0","0","0","0","0","0","0","0","0","0","0","0","0","0","0","0","0","0","0","0","0","0","0","0","0","0","0","0","0","2","0","0","1","2","0","12","2","13","7","0","27","32","22","25","52","80","175","66","73","160","260","212","232","534","227","240","454","1017","332","516","920","590","161","793","1448","640","602","701","331","529","1075","1050","828","977","958","375","593","787","552","805","1008","600","477","233","794","673","822","759","860","833","310","753","546","993","468","576","510","510","490","435","424","468","515","247","85","543","644","700","773","732","461","716","750","1178","922","768","790","281","232","881","558","875","1090","706","322","474","848","749","902","926","906","392","529","702","1326","816","1142","1120","380","1160","1655","1982","1724","1500","1919","1159","430","2444","3068","2393","2594","3049","2411","1796","2317","2823","2217","3729","4074","1953","1708"
"12","HI","0","0","0","0","0","0","0","0","0","0","0","0","0","0","0","0","0","0","0","0","0","0","0","0","0","0","0","0","0","0","0","0","0","0","0","0","0","0","0","0","0","0","0","0","0","1","0","1","0","0","0","0","1","3","3","3","3","10","10","10","8","12","5","17","14","14","30","22","24","18","29","25","43","35","21","14","25","25","11","22","22","12","5","9","15","7","17","21","6","4","2","6","4","4","3","2","1","0","5","4","1","0","1","0","4","1","2","0","2","1","2","1","3","0","1","0","1","0","1","1","2","0","1","0","0","0","0","3","2","3","0","0","1","1","1","9","8","2","1","6","3","7","14","17","5","8","4","4","18","27","14","11","2","3","14","15","14","6","26","2","16","9","20","28","24","24","7","41","23","36","27","42","20"
"13","IA","0","0","0","0","0","0","0","0","0","0","0","0","0","0","0","0","0","0","0","0","0","0","0","0","0","0","0","0","0","0","0","0","0","0","0","0","0","0","0","0","0","0","0","0","0","0","0","8","6","0","2","1","1","0","5","6","9","6","0","24","22","14","18","23","34","55","64","38","88","72","52","66","85","86","83","77","103","97","125","118","121","76","124","187","98","147","190","176","386","258","462","127","178","520","644","373","394","513","459","297","696","724","506","562","501","281","656","386","233","292","403","535","379","378","378","278","329","304","347","237","418","447","395","409","346","111","587","259","293","344","346","202","264","63","689","385","343","168","312","262","329","274","388","389","346","141","120","217","359","421","262","463","160","291","265","455","497","381","493","301","216","353","671","392","560","314","401","276","467","723","891","513","477"
"14","ID","0","0","0","0","0","0","0","0","0","0","0","0","0","0","0","0","0","0","0","0","0","0","0","0","0","0","0","0","0","0","0","0","0","0","0","0","0","0","0","0","0","0","0","0","0","0","0","0","0","0","0","0","3","0","0","2","6","12","8","10","4","5","23","49","63","44","32","49","105","110","134","230","122","65","24","69","41","22","121","43","11","18","28","11","123","22","46","13","4","64","30","34","31","33","21","8","24","34","31","31","21","27","0","45","21","31","20","27","25","0","30","33","31","27","37","29","0","36","23","29","28","62","31","0","0","72","32","37","0","71","1","66","27","57","64","58","27","0","50","32","39","42","50","46","0","64","79","92","111","128","132","0","250","146","244","221","280","174","0","432","366","253","222","401","377","363","318","487","430","460","500","577","0"
"15","IL","0","0","1","0","0","0","0","0","0","1","0","0","0","0","0","0","0","0","0","0","0","0","0","0","0","0","0","0","0","0","0","0","0","0","0","0","0","0","0","1","1","0","0","1","0","1","1","6","6","5","8","14","17","5","36","55","112","143","165","167","300","172","318","328","674","489","459","1093","469","928","979","703","1193","1445","895","995","1296","1528","1342","1450","1290","1661","1203","1233","1358","1127","1825","1551","1180","1143","1488","2018","1860","2697","2064","2088","1952","2222","2233","2535","3156","2536","3006","2325","2096","2406","2643","2938","2295","1639","1282","4017","1689","3220","2445","2092","1716","2281","1549","2387","2259","2716","2344","2474","1693","1154","1102","1510","1706","1508","1340","967","1558","1016","951","1151","994","853","681","785","651","770","604","662","663","483","625","611","644","688","634","653","462","606","720","904","868","787","646","719","723","827","0","1738","864","633","610","589","988","1018","1312","1199","952"
"16","IN","0","0","0","0","0","0","0","0","0","0","0","0","0","0","0","0","0","0","0","0","0","0","0","0","0","0","0","0","0","0","0","0","0","0","0","0","0","0","0","0","0","0","0","0","1","0","1","4","4","0","2","0","7","0","11","0","5","20","68","0","77","58","102","118","482","0","272","281","270","376","405","474","398","512","461","533","559","438","406","560","524","488","305","290","429","586","622","490","567","471","413","346","0","1181","687","707","949","619","647","592","811","664","637","572","526","837","634","645","586","392","498","497","353","577","603","624","491","480","457","567","661","474","489","476","337","361","357","633","494","0","1018","251","414","470","385","484","419","396","223","413","308","411","403","397","366","495","356","212","456","312","319","357","210","241","269","516","465","455","357","294","370","359","435","528","515","380","503","307","442","200","380","1433","537"
"17","KS","0","0","0","0","0","0","0","0","0","0","0","0","0","0","0","0","0","0","0","0","0","0","0","0","0","0","0","0","0","0","0","0","0","0","0","0","0","0","0","0","0","0","0","0","0","0","1","0","0","0","4","1","0","2","5","3","5","13","10","10","9","15","14","33","45","34","60","57","48","59","54","68","70","78","49","98","54","144","61","58","100","71","41","50","68","94","116","86","59","137","40","186","271","292","282","118","154","163","244","501","211","299","284","215","212","278","410","354","243","238","134","189","190","210","205","83","51","353","20","205","59","357","13","4","25","203","118","37","328","0","0","289","19","153","0","207","0","34","215","0","166","0","235","0","0","367","0","269","0","386","58","36","317","33","482","79","501","36","194","656","33","531","0","0","0","0","1906","7","725","107","880","90","255"
"18","KY","0","0","0","0","0","0","0","0","0","0","0","0","0","0","0","0","0","0","0","0","0","0","0","0","0","0","0","0","0","0","0","0","0","0","0","0","0","0","0","0","0","0","0","0","0","0","0","3","1","2","4","3","2","6","1","1","9","12","4","0","5","49","46","9","56","61","68","29","35","106","81","64","74","83","156","111","40","214","171","153","132","127","71","125","77","137","93","188","258","86","151","179","113","297","131","173","82","232","157","169","171","0","242","128","573","135","196","165","154","0","240","177","215","148","221","239","0","242","131","116","126","137","145","0","0","381","125","105","282","256","0","330","145","235","295","271","306","0","187","233","177","61","226","274","0","201","179","165","202","253","177","118","88","315","222","255","254","307","65","114","278","218","237","297","0","0","777","369","400","323","425","450","264"
"19","LA","0","0","0","0","0","0","0","0","0","0","0","0","0","0","0","0","0","0","0","0","0","0","0","0","0","0","0","0","0","0","0","0","0","0","0","0","0","0","0","0","0","0","0","0","0","0","0","1","4","7","6","16","51","18","33","58","84","109","141","225","73","326","220","412","506","437","577","225","480","1204","1180","2670","1075","2324","517","1839","1417","746","1248","966","762","581","418","500","430","569","602","465","347","592","331","401","480","402","373","261","295","221","373","339","704","434","200","333","324","402","253","203","552","184","215","230","585","799","319","371","315","277","329","278","1168","318","171","93","639","334","435","304","774","0","335","422","405","381","417","457","463","327","231","486","395","433","494","1195","292","413","387","577","0","917","869","389","460","1362","882","936","1353","0","1465","822","1048","2082","1381","1726","0","1935","1100","1913","1921","1843","2640","2165","1319"
"20","MA","0","0","0","0","0","0","0","0","0","0","1","0","0","0","0","0","0","0","0","0","0","0","0","0","0","0","0","0","0","0","0","0","0","0","0","0","0","0","0","0","0","1","0","0","4","0","16","19","51","4","11","16","15","23","26","30","35","63","82","101","113","108","348","609","471","790","964","594","768","1024","1200","1209","1493","1273","823","1306","1380","1596","2171","2106","1790","2467","1318","1238","1689","2197","2099","1997","1623","1526","1482","1820","3196","4892","2417","1421","1651","2010","2118","1967","2124","2000","1220","1319","1252","2021","1695","1643","1419","1036","684","884","1174","1649","1254","1488","1071","1045","897","1039","1104","813","750","1024","593","436","515","666","646","742","704","3792","381","443","467","491","592","309","170","274","271","504","398","325","198","94","199","268","269","240","285","119","152","241","170","233","231","369","226","82","132","202","255","285","211","136","162","199","260","296","216","281","200"
"21","MD","0","0","0","0","0","0","0","0","0","0","0","0","0","0","0","0","0","0","0","0","0","0","0","0","0","0","0","0","0","0","0","0","0","0","0","0","0","0","0","0","0","0","0","0","3","0","2","3","1","3","0","5","13","0","7","20","28","22","83","0","54","43","62","69","162","193","219","247","173","248","325","346","427","367","484","436","325","1158","656","784","726","531","708","537","561","753","788","735","522","849","515","582","960","881","1150","814","905","624","737","896","1723","1008","989","927","727","1047","1210","1086","1075","1053","786","688","751","1091","1081","973","847","958","1783","772","1213","894","1071","1655","534","0","739","1285","1279","1028","700","611","845","810","877","902","721","488","428","505","561","734","416","656","429","313","404","553","253","285","333","290","237","368","309","386","584","437","327","476","305","360","505","538","376","287","270","502","465","586","463","557","642"
"22","ME","0","0","0","0","0","0","0","0","0","0","0","0","0","0","0","0","0","0","0","0","0","0","0","0","0","0","0","0","0","0","0","0","0","0","0","0","0","0","0","0","0","0","0","0","0","0","0","0","0","0","1","1","0","0","14","12","7","4","15","13","14","21","16","22","14","11","43","40","22","0","67","31","53","23","15","29","22","19","27","26","30","17","62","40","36","24","34","20","19","9","13","18","32","28","23","25","8","17","15","41","28","30","33","18","23","28","74","40","39","26","23","15","38","54","37","45","36","30","29","77","57","71","27","17","12","107","25","50","37","55","44","26","29","38","30","36","46","45","18","18","30","31","51","38","36","15","10","18","41","36","25","20","13","25","19","84","54","0","35","32","71","32","0","73","18","10","14","21","26","12","0","35","26"
"23","MI","0","0","0","0","0","0","0","0","0","0","0","0","0","0","0","0","0","0","0","0","0","0","0","0","0","0","0","0","0","0","0","0","0","0","0","0","0","0","0","0","0","0","0","0","0","0","0","0","2","0","10","12","8","20","2","11","15","244","224","238","249","288","458","498","556","790","963","800","1012","1100","1628","1435","1887","1437","1394","1475","1686","1415","1150","1204","1165","637","1004","1284","1006","1208","830","727","634","574","954","975","1211","1150","508","540","438","1009","937","791","866","578","499","213","374","682","461","545","464","373","407","421","361","1128","457","449","321","282","417","564","412","361","450","296","201","198","174","447","412","174","486","139","157","273","225","5177","444","416","264","301","199","204","243","173","214","115","183","222","278","292","434","163","236","241","337","434","320","352","254","274","498","426","578","474","394","342","298","620","649","605","614","634","444"
"24","MN","0","0","0","0","0","0","0","0","0","0","0","0","0","0","0","0","0","0","0","0","0","0","0","0","0","0","0","0","0","0","0","0","0","0","0","0","0","0","0","0","0","0","0","0","1","0","0","0","1","1","6","3","9","2","24","5","9","26","28","21","32","64","29","26","57","52","45","62","73","53","58","55","46","75","63","52","84","88","90","0","181","190","0","74","120","104","159","139","140","116","60","95","163","172","174","110","132","255","1011","490","586","497","432","572","617","737","777","711","714","479","522","689","439","514","800","729","697","705","649","643","531","819","843","727","736","654","455","451","611","636","660","359","301","376","404","686","520","393","337","300","350","446","498","380","304","222","189","411","374","366","423","441","308","246","289","363","490","417","517","308","441","419","493","420","0","510","432","557","455","577","601","802","711"
"25","MO","0","0","0","0","0","0","0","0","0","0","0","0","0","0","0","0","0","0","0","0","0","0","0","0","0","0","0","0","0","0","0","0","0","0","0","0","0","0","0","0","0","0","0","0","0","0","1","0","0","0","1","2","1","0","2","0","7","12","39","21","15","75","71","102","143","171","161","56","140","304","254","251","278","174","84","352","313","284","220","260","229","135","225","298","211","215","165","236","145","146","138","194","181","302","180","167","176","138","123","131","267","311","234","366","170","179","233","142","182","176","74","89","136","169","144","219","118","150","130","202","117","215","195","231","178","123","207","180","120","168","181","181","251","195","285","199","188","109","177","180","282","204","193","224","0","376","228","214","280","294","393","412","140","432","291","504","455","438","27","735","509","372","369","382","107","670","385","797","576","574","893","472","315"
"26","MS","0","0","0","0","0","0","0","0","0","0","0","0","0","0","0","0","0","0","0","0","0","0","0","0","0","0","0","0","0","0","0","0","0","0","0","0","0","0","0","0","0","0","0","0","0","0","0","0","0","0","1","5","4","0","2","9","13","16","30","60","65","41","67","61","110","0","0","272","89","90","127","114","173","106","182","100","176","92","253","207","175","141","159","145","275","260","169","183","301","235","202","182","256","281","281","196","184","250","221","253","395","229","112","326","310","230","265","408","277","132","175","233","183","380","330","314","173","136","279","260","259","395","382","252","204","267","318","328","420","416","282","244","286","295","245","210","269","235","486","353","373","0","607","256","166","279","348","458","0","0","0","0","1692","611","524","1090","551","460","368","676","681","653","869","914","985","230","355","960","675","703","1030","797","869"
"27","MT","0","0","0","0","0","0","0","0","0","0","0","0","0","0","0","0","0","0","0","0","0","0","0","0","0","0","0","0","0","0","0","0","0","0","0","0","0","0","0","0","0","0","0","0","0","0","0","0","0","0","0","4","2","0","2","0","0","2","9","8","7","11","6","14","24","31","27","14","16","21","19","24","21","19","15","22","0","13","0","0","0","0","0","0","0","82","9","4","7","0","4","2","3","2","1","3","1","2","0","1","0","2","0","2","0","0","0","2","1","0","1","2","1","0","4","2","0","2","1","7","0","0","4","0","0","0","2","4","8","12","10","4","4","2","14","2","1","5","3","6","8","3","10","15","13","7","6","17","24","11","30","19","16","4","40","36","29","23","10","56","48","31","91","44","40","45","37","80","44","96","127","83","85"
"28","NC","0","0","0","0","0","0","0","0","0","0","0","0","0","0","0","0","0","0","0","0","0","0","0","0","0","0","0","0","0","0","0","0","0","0","0","0","0","0","0","0","0","1","0","0","1","0","0","5","1","8","0","1","15","1","7","0","22","74","0","46","68","36","102","103","131","141","166","234","139","189","89","275","238","309","183","285","349","205","226","256","394","214","261","210","111","275","479","266","324","237","163","231","306","402","450","248","198","499","338","500","905","584","160","179","410","503","634","476","492","399","279","308","472","689","625","847","535","507","680","425","733","758","1102","495","721","182","511","785","1078","1182","0","1582","623","894","1082","1189","1573","917","827","733","877","1305","1823","1570","1445","864","782","944","1357","1621","1712","1403","802","849","1469","1215","1686","1706","1621","1338","1188","1828","1640","2083","1437","1326","1537","1355","1436","2040","1982","2454","1918"
"29","ND","0","0","0","0","0","0","0","0","0","0","0","0","0","0","0","0","0","0","0","0","0","0","0","0","0","0","0","0","0","0","0","0","0","0","0","0","0","0","0","0","0","0","0","0","0","0","0","0","0","0","1","0","0","0","0","4","2","12","7","2","2","2","4","9","13","10","25","4","12","17","21","12","14","13","21","18","12","14","18","9","15","15","23","10","24","28","0","0","0","234","16","36","30","39","55","64","74","49","43","34","40","46","38","34","41","56","48","54","39","26","26","55","75","67","49","86","50","30","65","86","110","79","48","49","38","18","17","42","39","34","23","49","22","33","27","39","71","45","18","22","40","39","36","42","22","21","23","68","0","33","26","37","25","6","74","25","40","0","37","44","37","39","42","65","57","37","33","48","73","99","85","89","91"
"30","NE","0","0","0","0","0","0","0","0","0","0","0","0","0","0","0","0","0","0","0","0","0","0","0","0","0","0","0","0","0","0","0","0","0","0","0","0","0","0","0","0","0","0","0","0","1","0","0","3","1","5","1","2","5","0","0","6","0","7","5","9","1","3","3","7","11","7","21","21","23","24","35","48","30","34","36","47","80","44","54","70","57","54","75","41","42","45","43","160","37","93","143","240","219","215","284","123","363","400","480","472","549","479","337","391","347","332","400","628","396","80","219","141","377","333","366","443","121","286","228","262","302","243","299","151","226","255","363","266","386","250","192","251","271","269","252","263","165","92","122","133","141","291","204","120","90","130","187","191","183","175","109","102","150","139","127","143","175","246","121","142","140","132","152","213","158","102","115","200","227","157","179","244","175"
"31","NH","0","0","0","0","0","0","0","0","0","0","0","0","0","0","0","0","0","0","0","0","0","0","0","0","0","0","0","0","0","0","0","0","0","0","0","0","0","0","0","0","1","1","0","0","0","0","2","0","1","0","1","0","1","6","4","9","13","5","10","10","14","23","7","29","20","30","27","54","0","23","0","188","61","77","46","51","32","41","0","98","43","55","34","72","50","71","73","59","48","53","33","95","88","57","68","75","66","77","48","93","152","108","96","74","48","100","101","96","61","64","85","85","60","75","111","87","40","34","90","0","210","77","77","61","50","34","57","103","0","162","103","34","60","46","82","0","141","26","36","53","47","34","41","48","19","27","22","72","17","36","32","25","13","15","26","16","57","45","31","14","22","20","19","34","0","39","17","21","20","21","17","33","26"
"32","NJ","0","0","0","0","0","0","0","0","0","0","0","0","0","0","0","0","0","0","0","0","0","0","0","0","0","0","0","0","0","0","0","0","0","0","0","0","0","0","0","0","0","0","0","2","0","2","1","10","0","0","14","18","25","26","78","74","146","236","166","389","506","739","598","439","1929","1443","1517","2008","2423","2221","2733","2981","4363","5102","3495","3886","4626","3879","3956","3908","3288","3349","2805","3741","2719","4428","3479","2924","4044","3421","3651","3032","4061","2783","3302","3391","2013","2768","2509","2527","2433","2434","3062","1519","2421","1253","1787","1818","1627","1413","1275","823","789","1074","1118","1073","1292","1819","1027","1313","893","1137","403","977","1038","689","775","1197","1084","899","939","480","544","615","479","842","540","309","334","328","569","457","355","465","293","229","318","290","380","366","304","393","248","261","181","335","379","306","336","125","359","290","399","400","269","364","196","259","211","220","356","353","321"
"33","NM","0","0","0","0","0","0","0","0","0","0","0","0","0","0","0","0","0","0","0","0","0","0","0","0","0","0","0","0","0","0","0","0","0","0","0","0","0","0","0","0","0","0","0","0","0","0","0","0","0","3","2","5","3","0","8","2","5","7","8","14","8","17","13","17","24","49","23","26","47","34","47","41","89","51","81","62","108","71","124","101","84","70","101","0","0","252","114","87","47","126","0","239","166","145","139","64","99","151","239","198","102","219","117","180","107","151","203","170","99","85","190","126","140","134","150","0","39","362","96","107","131","153","0","0","361","90","119","109","122","126","62","109","108","0","194","192","125","140","122","41","147","98","136","86","83","95","85","93","84","101","107","95","127","140","136","198","212","210","184","172","161","126","242","241","286","193","249","219","286","233","298","223","254"
"34","NV","0","0","0","0","0","0","0","0","0","0","0","0","0","0","0","0","0","0","0","0","0","0","0","0","0","0","0","0","0","0","0","0","0","0","0","0","0","0","0","0","0","0","0","1","1","0","2","0","3","0","4","9","1","5","19","10","0","36","62","3","0","26","99","32","107","100","117","14","231","157","118","188","206","159","120","108","160","166","174","168","0","0","0","0","0","700","137","168","98","88","130","147","133","148","174","95","84","76","149","89","35","332","83","0","38","103","87","3","348","66","23","142","194","99","165","77","68","0","250","0","340","8","281","117","75","102","61","95","138","145","97","95","12","154","256","150","227","159","137","255","116","307","216","309","207","83","404","170","318","321","407","304","380","415","362","527","473","981","817","738","562","645","631","985","858","843","491","876","516","732","873","932","845"
"35","NY","0","0","0","0","0","0","0","0","0","0","0","0","0","0","0","0","0","0","0","0","0","0","0","0","0","0","0","0","0","0","0","0","0","0","0","0","0","0","0","0","1","1","9","12","2","52","30","38","28","34","118","109","93","202","221","594","1508","2585","2208","4293","3624","5147","4667","7390","6010","5837","8490","5937","7954","7253","7686","8257","13262","10240","8286","8652","8158","10488","10461","10575","9946","8236","6337","7177","11571","8505","7358","7090","6054","4726","4376","5650","5922","8130","10553","5902","3951","3110","4585","4681","3942","4663","3438","2538","2239","2786","3491","2938","2715","2273","1660","1430","2176","2390","2762","2419","1889","1250","1474","1525","2088","1696","1772","1589","1249","1072","1129","1768","1551","1376","1110","941","1329","1045","1048","1075","1108","781","702","683","674","736","822","916","694","620","631","567","618","796","716","664","552","597","582","748","805","703","616","381","507","752","773","918","724","537","518","595","70","1192","783","740","677"
"36","OH","0","0","0","0","0","0","0","0","0","0","0","0","0","0","0","0","0","0","0","0","0","0","0","0","0","0","0","0","0","0","0","0","0","0","0","0","0","0","0","0","0","0","0","0","0","0","0","3","0","1","1","8","12","12","13","17","19","33","50","78","103","80","132","143","155","276","269","246","282","264","349","356","410","426","303","401","340","367","364","365","368","355","368","309","512","620","697","1107","1356","1343","809","392","574","466","409","380","381","442","533","719","718","597","579","561","495","606","555","886","673","388","695","479","469","636","596","520","450","525","501","483","736","628","613","502","564","529","434","477","650","465","479","470","368","445","488","477","352","367","359","324","414","420","430","427","299","427","432","416","700","603","533","547","731","590","633","890","989","814","854","739","744","1076","0","2392","925","968","805","949","1277","1149","1524","1359","1379"
"37","OK","0","0","0","0","0","0","0","0","0","0","0","0","0","0","0","0","0","0","0","0","0","0","0","0","0","0","0","0","0","0","0","0","0","0","0","0","0","0","0","0","0","0","0","0","0","1","0","1","0","0","1","1","0","4","2","7","12","14","6","4","14","14","25","58","79","0","134","52","51","86","153","158","110","170","94","74","143","54","159","108","77","102","93","116","84","94","0","0","0","0","450","88","122","0","177","59","28","129","65","144","131","103","120","72","79","75","128","91","63","98","26","121","126","108","123","155","71","87","92","45","146","171","106","78","55","46","90","44","68","82","0","108","163","115","100","99","57","90","54","157","118","147","219","229","158","178","230","263","447","355","332","477","217","296","482","436","396","299","299","228","584","362","427","525","580","283","432","860","674","602","597","687","456"
"38","OR","0","0","0","0","0","0","0","0","0","0","0","0","0","0","0","0","0","0","0","0","0","0","0","0","0","0","0","0","0","0","0","0","0","0","0","0","0","0","1","0","2","0","0","0","0","3","8","0","1","4","5","6","6","3","8","18","9","14","26","23","24","29","19","56","50","99","65","69","57","84","46","90","73","101","68","65","49","58","82","50","76","80","56","49","31","73","48","58","67","45","48","57","67","51","76","58","42","32","61","64","68","57","45","79","79","77","72","79","91","67","58","68","57","67","58","74","12","62","41","73","18","48","24","38","23","19","70","48","48","55","58","58","33","64","75","96","92","143","114","70","71","176","142","158","100","184","277","122","147","206","177","189","145","191","170","125","249","277","246","144","172","275","363","342","294","300","165","210","212","368","268","397","320"
"39","PA","0","0","0","0","0","0","0","0","0","0","0","0","0","0","0","0","0","0","0","0","0","0","0","0","0","0","0","0","0","0","0","0","0","0","0","0","0","0","0","0","0","0","0","0","2","0","4","6","2","5","3","19","6","18","10","20","37","52","84","102","108","166","207","344","492","530","532","644","688","758","966","1211","1404","1596","1480","1477","1586","1680","1989","1750","1677","1178","1363","1149","1145","1244","1705","1627","1217","948","1291","1157","1374","1599","1394","1118","884","1214","1104","1393","1209","1332","960","824","865","885","1069","1323","1078","1293","544","835","719","938","989","988","623","817","616","742","974","867","730","728","474","452","784","625","692","681","509","356","610","514","531","450","701","503","353","493","408","469","686","463","336","318","362","341","417","525","505","465","456","509","496","579","599","621","495","501","618","636","832","667","632","483","450","995","849","718","1010","812","578"
"40","RI","0","0","0","0","0","0","0","0","0","0","0","0","0","0","0","0","0","0","0","0","0","0","0","0","0","0","0","0","0","0","0","0","0","0","0","0","0","0","0","1","1","0","0","0","0","1","0","0","0","0","0","3","0","0","0","0","0","0","0","0","0","0","0","99","32","28","49","28","65","106","104","42","0","35","130","152","130","136","146","8","380","0","0","819","132","371","347","331","316","237","271","397","353","317","364","399","217","112","520","354","325","289","244","128","0","0","0","0","0","0","1764","133","373","0","0","0","0","0","0","1011","218","190","240","99","0","0","309","105","110","0","0","0","0","0","0","0","0","0","1006","0","0","0","0","0","0","447","0","0","0","0","0","0","421","0","0","0","0","0","0","284","0","0","0","274","0","0","0","0","0","0","0","0","0"
"41","SC","0","0","0","0","0","0","0","0","0","0","0","0","0","0","0","0","0","0","0","0","0","0","0","0","0","0","0","0","0","0","0","0","0","0","0","0","0","0","0","0","0","0","0","0","2","3","2","2","1","2","1","0","6","9","5","14","13","20","44","47","22","104","43","84","29","86","121","108","157","158","210","260","146","214","135","182","185","136","241","272","0","247","127","115","106","256","166","160","128","65","171","153","158","152","175","0","368","123","147","214","159","231","132","131","88","99","204","225","164","121","131","122","124","163","212","257","153","123","116","122","206","258","259","197","85","238","207","166","343","698","30","284","269","235","349","445","473","370","512","424","538","679","733","785","840","581","614","560","977","1081","1148","903","994","918","1270","1117","1304","1588","1371","1325","1751","1512","1778","1826","1847","1457","1529","968","1556","1777","1723","2268","1947"
"42","SD","0","0","0","0","0","0","0","0","0","0","0","0","0","0","0","0","0","0","0","0","0","0","0","0","0","0","0","0","0","0","0","0","0","0","0","0","0","0","0","0","0","0","0","0","0","0","0","1","4","2","1","1","0","0","1","1","0","3","0","0","7","6","3","11","5","12","10","22","10","0","29","36","22","25","28","45","34","73","54","87","92","102","138","120","182","143","100","130","94","0","120","103","98","83","108","65","32","68","61","76","75","63","43","37","53","58","127","239","248","124","97","49","68","61","95","71","29","39","58","92","72","106","112","95","23","67","53","81","79","92","34","41","31","94","85","30","93","69","33","52","80","62","77","91","64","30","39","84","51","39","90","73","28","27","67","60","56","88","54","36","51","62","68","84","49","35","42","60","79","93","64","55","45"
"43","TN","0","0","0","0","0","0","0","0","0","0","0","0","0","0","0","0","0","0","0","0","0","0","0","0","0","0","0","0","0","0","0","0","0","0","0","0","0","0","0","0","0","0","0","1","0","0","2","0","4","1","9","1","14","7","13","21","25","29","60","111","88","78","70","65","128","161","173","209","270","201","255","533","296","213","242","161","346","262","270","272","225","235","246","130","207","167","479","179","243","200","186","417","422","516","388","462","289","181","324","357","1154","673","476","301","146","315","172","354","329","210","534","380","434","434","261","303","94","519","396","187","441","418","381","325","435","356","391","359","384","446","376","511","710","435","359","472","509","304","509","654","352","478","770","419","795","664","750","363","652","1093","481","533","453","815","851","796","1212","790","0","1841","1189","1658","1519","1694","1280","1157","708","1482","2240","1570","1714","1491","953"
"44","TX","0","0","0","0","0","0","0","0","0","0","0","0","0","0","0","0","0","0","0","0","0","0","0","0","0","0","0","0","0","0","0","0","0","0","0","0","0","0","0","0","0","0","0","3","1","4","3","5","5","0","2","14","14","7","1","15","32","89","90","34","46","337","192","317","365","339","310","438","422","519","664","686","750","659","644","576","1070","1065","845","1469","921","778","479","410","1296","920","922","499","842","356","737","869","880","861","966","849","659","835","862","1018","1121","1282","1000","785","1035","1032","1138","1223","1249","986","1000","1173","1337","1425","1336","1798","776","890","1194","1264","1045","1327","1059","840","623","630","1359","1852","1209","1350","1950","592","1683","1674","1614","1690","1936","1424","653","1943","2448","1814","2091","2338","1918","1265","3815","3141","3509","3471","4390","3864","3278","5529","5551","5973","5714","5741","5365","4284","6952","8086","7916","7550","8264","3443","5318","10020","9976","9789","9802","10353","8202"
"45","UT","0","0","0","0","0","0","0","0","0","0","0","0","0","0","0","0","0","0","0","0","0","0","0","0","0","0","0","0","0","0","0","0","0","0","0","0","0","0","0","0","0","0","0","0","0","1","0","1","0","0","3","1","13","2","7","23","14","13","32","24","44","70","42","46","62","84","115","109","91","83","126","69","169","177","171","83","64","108","130","124","101","101","58","54","135","140","122","126","130","151","83","152","166","157","175","167","117","80","184","176","156","152","192","148","129","146","125","201","182","137","119","79","180","132","160","159","166","140","149","189","156","183","201","128","131","97","97","238","334","0","54","679","217","308","314","473","529","64","454","255","263","448","302","396","352","101","558","375","561","552","629","402","437","402","467","596","659","566","515","542","605","449","555","567","695","412","532","561","706","681","856","636","551"
"46","VA","0","0","0","0","0","0","0","0","0","0","0","0","0","0","0","0","0","0","0","0","0","0","0","0","0","0","0","0","0","0","0","0","0","0","0","0","0","0","0","0","0","0","0","0","0","0","2","4","0","0","0","21","10","3","5","22","10","16","22","37","67","34","36","100","70","144","135","150","130","229","235","220","307","397","228","241","456","314","397","463","567","197","460","436","331","393","599","561","485","452","646","637","733","1370","603","0","570","801","620","886","1053","835","934","820","770","0","1312","770","850","884","986","732","947","1065","862","1008","704","753","999","764","1231","816","775","521","1481","1608","911","1155","1129","1077","996","791","831","673","950","676","859","1023","822","495","440","475","562","661","636","378","447","442","466","546","632","545","466","536","542","438","631","676","485","455","595","426","533","655","717","637","336","656","640","1554","853","887","974"
"47","VT","0","0","0","0","0","0","0","0","0","0","0","0","0","0","0","0","0","0","0","0","0","0","0","0","0","0","0","0","0","0","0","0","0","0","0","0","0","0","0","0","0","0","0","0","0","0","1","0","0","0","1","0","2","0","4","4","0","2","0","16","23","0","42","28","27","28","26","23","27","27","25","27","50","67","49","23","50","25","23","33","47","20","20","4","3","12","10","23","9","1","11","4","4","2","13","8","7","7","0","4","13","7","11","5","3","3","7","2","3","6","0","1","4","0","2","0","6","0","2","0","8","2","4","0","6","5","3","3","2","2","4","2","5","2","35","2","19","17","12","8","11","16","9","6","2","1","2","0","5","9","3","12","4","1","20","7","2","7","1","6","0","2","18","9","2","11","2","2","3","16","5","6","13"
"48","WA","1","0","0","0","0","0","0","0","0","0","0","0","0","0","0","0","0","0","0","0","0","0","0","0","0","0","0","0","0","0","0","0","0","0","0","0","0","0","6","4","7","9","12","31","8","24","20","40","103","64","82","90","102","62","115","156","84","205","166","252","188","273","286","191","556","576","416","380","518","248","317","306","213","328","560","318","449","490","441","339","422","333","261","256","194","312","186","364","266","303","225","203","257","259","302","218","186","179","232","272","291","344","217","289","149","287","334","141","298","234","232","187","167","225","164","350","155","224","202","165","128","156","325","225","247","130","222","355","302","275","347","268","227","325","237","282","444","280","314","318","275","156","378","368","279","283","416","276","376","439","584","485","188","516","475","495","489","545","349","443","602","519","799","595","504","596","1041","501","504","632","663","0","1420"
"49","WI","0","0","0","0","0","0","0","0","0","0","0","0","0","0","0","0","0","0","0","0","0","0","0","0","0","0","0","0","0","0","0","0","0","0","0","0","0","0","0","0","0","0","0","0","0","0","0","3","0","0","3","13","8","6","14","25","34","49","51","74","100","34","41","129","122","136","147","123","109","130","198","181","186","196","154","172","140","177","129","184","145","128","86","128","166","153","170","151","147","156","122","225","205","304","332","225","170","208","230","334","460","347","304","272","329","334","316","375","348","279","201","192","292","372","410","501","356","144","198","525","475","511","481","401","307","277","601","511","732","523","173","138","379","477","495","359","323","263","199","275","285","328","319","275","240","174","265","258","423","278","385","280","247","265","433","463","521","539","454","318","599","542","539","577","738","524","484","495","598","751","845","929","769"
"50","WV","0","0","0","0","0","0","0","0","0","0","0","0","0","0","0","0","0","0","0","0","0","0","0","0","0","0","0","0","0","0","0","0","0","0","0","0","0","0","0","0","0","0","0","0","0","0","0","0","0","0","0","0","0","0","0","1","1","2","4","4","4","4","18","11","0","47","17","10","22","17","27","28","20","44","39","25","67","67","41","53","18","14","26","58","29","4","51","49","65","19","22","32","20","39","6","25","26","16","15","17","27","30","10","29","18","34","21","28","24","12","9","9","27","24","26","0","27","2","23","34","51","23","93","39","17","22","0","118","40","27","27","14","27","30","22","20","19","6","18","16","16","24","21","25","30","8","37","27","42","36","48","47","20","31","32","47","54","47","53","33","40","47","74","71","64","119","92","106","157","262","104","93","133"
"51","WY","0","0","0","0","0","0","0","0","0","0","0","0","0","0","0","0","0","0","0","0","0","0","0","0","0","0","0","0","0","0","0","0","0","0","0","0","0","0","0","0","0","0","0","0","0","0","0","0","0","0","1","1","1","0","7","5","3","0","4","2","2","3","8","12","6","18","11","1","10","25","17","16","13","21","12","13","9","9","9","13","9","9","5","7","6","8","9","4","4","4","5","4","5","17","12","7","21","6","9","11","5","10","6","9","8","27","4","7","5","9","6","2","11","6","12","18","7","11","198","12","13","2","11","24","6","7","10","16","15","6","6","7","2","3","6","11","6","8","11","12","10","29","19","22","8","21","10","26","29","30","6","17","34","24","28","44","42","24","25","32","37","31","33","32","24","28","41","34","30","28","23","49","23"
